{"cameraMode":{"drawMode":0,"name":"Shaded","section":"Shading Mode"},"sceneLighting":true,"audioPlay":false,"sceneViewState":{"showFog":true,"showMaterialUpdate":false,"showSkybox":true,"showFlares":true,"showImageEffects":true,"showParticleSystems":true},"in2DMode":false,"pivot":{"x":-0.5161093473434448,"y":1.5149036645889283,"z":-2.1134209632873537},"rotation":{"x":0.07058955729007721,"y":0.7608360648155212,"z":-0.08343605697154999,"w":0.639828622341156},"size":10.728089332580567,"orthographic":false}